<!-- Resources Sprite -->

<sprites>
  <resource>
    <name value ="mineral"/>
    <size_x value = "64"/>
    <size_y value = "96"/>
    <offset_x value = "0"/>
    <offset_y value = "32"/>
    <file  name = "graphics/neutral/units/mineral1.png"/>
    <shadow>
      <file name ="graphics/neutral/units/mineral1 shadow.png"/>
      <size_x value = "64" />
      <size_y value = "96" />
      <offset_x value = "32" />
      <offset_y value = "32" />
    </shadow>
    <base>
      <file name ="graphics/ui/o072.png"/>
      <size_x value = "80" />
      <size_y value = "80" />
      <offset_x value = "8" />
      <offset_y value = "26" />
    </base>
  </resource>

  <resource>
    <name value ="gas"/>
    <size_x value = "128"/>
    <size_y value = "64"/>
    <offset_x value = "0"/>
    <offset_y value = "0"/>
    <file  name = "graphics/neutral/units/geyser.png"/>
    <shadow>
      <file name ="graphics/neutral/units/geyser shadow.png"/>
      <size_x value = "128" />
      <size_y value = "64" />
      <offset_x value = "15"/>
      <offset_y value = "0"/>
    </shadow>
    <base>
      <file name ="graphics/ui/o146.png"/>
      <size_x value = "148" />
      <size_y value = "148" />
      <offset_x value = "8" />
      <offset_y value = "38" />
    </base>
  </resource>
</sprites>