<bases>
  <!-- Enemy bases to generate-->
  <base>
    <name value ="Zergling base"/>
    <startingUnits value = "15" />
    <generationTimer value ="40" />
    <reactUnitsN value = "16" />
    <unitsToSend value ="2" />
    <spawnPoints value ="8" />
  </base>

  <base>
    <name value ="Hydralisk base"/>
    <startingUnits value = "5" />
    <generationTimer value ="70" />
    <reactUnitsN value = "8" />
    <unitsToSend value ="4" />
    <spawnPoints value ="4" />
  </base>

  <base>
    <name value ="Mutalisk base"/>
    <startingUnits value = "4" />
    <generationTimer value ="115" />
    <reactUnitsN value = "5" />
    <unitsToSend value ="1" />
    <spawnPoints value ="10" />
  </base>

  <base>
    <name value ="Terran base"/>
    <startingUnits value = "5" />
    <generationTimer value ="240" />
    <reactUnitsN value = "6" />
    <unitsToSend value ="1" />
    <spawnPoints value ="6" />
  </base>

  <base>
    <name value ="Ultralisk base"/>
    <startingUnits value = "4" />
    <generationTimer value ="240" />
    <reactUnitsN value = "6" />
    <unitsToSend value ="1" />
    <spawnPoints value ="5" />
  </base>

  <!--Top left spawning points-->
  <location>
    <lairLocation  x = "27"  y = "12" />
    <personalBuilding x = "15"  y = "7" />
    <sunken x ="22" y="13"/>
    <spore x ="17" y="17"/>

    <spawningPoint x = "474" y ="319" />
    <spawningPoint x = "320" y ="260" />
    <spawningPoint x = "680" y ="143" />
    <spawningPoint x = "602" y ="300" />
    <spawningPoint x = "300" y ="500" />
    <spawningPoint x = "369" y ="156" />
    <spawningPoint x = "912" y ="267" />
    <spawningPoint x = "98" y ="316" />
    <spawningPoint x = "168" y ="131" />
    <spawningPoint x = "688" y ="514" />
  </location>

  <!--Middle spawning points-->
  <location>
    <lairLocation  x = "102"  y = "76" />
    <personalBuilding x = "105"  y = "68" />
    <sunken x ="96" y="75"/>
    <sunken x ="106" y="83"/>
    <spore x ="96" y="80"/>
    
    <spawningPoint x = "1618" y ="1184" />
    <spawningPoint x = "1830" y ="1128" />
    <spawningPoint x = "1528" y ="1361" />
    <spawningPoint x = "1346" y ="1246" />
    <spawningPoint x = "1590" y ="1460" />
    <spawningPoint x = "1690" y ="1069" />
    <spawningPoint x = "1815" y ="1191" />
    <spawningPoint x = "1638" y ="1430" />
    <spawningPoint x = "1395" y ="1185" />
    <spawningPoint x = "1500" y ="1269" />
  </location>

  <!--Bottom right spawning points-->
  <location>
    <lairLocation  x = "175"  y = "135" />
    <personalBuilding x = "168"  y = "148" />
    <sunken x ="164" y="120"/>
    <spore x ="166" y="141"/>
    
    <spawningPoint x = "2540" y ="2100" />
    <spawningPoint x = "2750" y ="2344" />
    <spawningPoint x = "2888" y ="1943" />
    <spawningPoint x = "2770" y ="2054" />
    <spawningPoint x = "2691" y ="2218" />
    <spawningPoint x = "2893" y ="2425" />
    <spawningPoint x = "2558" y ="1936" />
    <spawningPoint x = "2900" y ="2120" />
    <spawningPoint x = "2613" y ="2485" />
    <spawningPoint x = "2936" y ="2257" />
  </location>

  <!--Main base spawning points-->
  <location>
    <lairLocation  x = "161"  y = "34" />
    <lairLocation  x = "157"  y = "21" />
    <lairLocation  x = "172"  y = "24" />
  <personalBuilding x = "143"  y = "26" />
    <sunken x ="151" y="26"/>
    <sunken x ="155" y="36"/>
    <sunken x ="174" y="33"/>
    <spore x ="144" y="32"/>
    <spore x ="168" y="43"/>

    <spawningPoint x = "2461" y ="385" />
    <spawningPoint x = "2745" y ="548" />
    <spawningPoint x = "2547" y ="562" />
    <spawningPoint x = "2391" y ="261" />
    <spawningPoint x = "2397" y ="513" />
    <spawningPoint x = "2678" y ="678" />
    <spawningPoint x = "2280" y ="750" />
    <spawningPoint x = "2600" y ="660" />
    <spawningPoint x = "2344" y ="452" />
    <spawningPoint x = "2061" y ="695" />
  </location>
  
</bases>